{"nodes":[[82.33333587646485,-87.33332824707031],[149.66665649414063,-84.66666412353516],[-9.0,-81.0],[176.33334350585938,94.66666412353516],[7.333335876464844,-192.3333282470703],[-9.666666984558106,-146.3333282470703],[23.0,-149.0],[-8.333333015441895,-15.666671752929688],[-7.666666507720947,49.666664123535159],[-196.0,10.0],[-133.6666717529297,-20.33333396911621],[-7.0,115.0],[-100.33333587646485,-74.66667175292969],[-133.0,45.0],[-70.0,80.0],[163.0,5.0],[49.66666793823242,78.33332824707031]],"beziers":[[9,13,14,11],[11,16,3,15],[15,1,0,2],[9,10,12,2],[11,8,7,2],[2,5,4,6]],"chains":[[2,0,12],[15,3,1],[2,7,5]]}