{"nodes":[[-170.0,263.0],[-236.0,93.0],[-286.0,-9.0],[-476.0,7.0],[-385.0,194.3333282470703],[-292.0,234.6666717529297],[-442.0,223.0],[-236.0,168.0],[-239.0,-60.0],[-367.0,172.5],[-252.0,-344.0],[-454.0,107.5],[-242.0,205.5],[-320.0,173.5],[-206.0,195.0],[-211.0,48.5],[-211.0,-46.0],[-273.0,174.5],[-165.0,-69.0],[-234.0,154.5],[-171.0,-144.0],[-330.0,-4.5]],"beziers":[[13,17,19,15,21,11,9,13],[7,5,4,6,3,2,1],[7,12,0,14,16,18,20,10,8,1]],"chains":[[13,17,9]]}