{"nodes":[[-100.33333587646485,-74.66667175292969],[24.0,143.0],[-155.6666717529297,-32.333335876464847],[-196.0,10.0],[37.333335876464847,77.66666412353516],[69.66667175292969,-23.666671752929689],[23.0,-149.0],[-87.66667175292969,-138.3333282470703],[7.333335876464844,-192.3333282470703],[176.33334350585938,94.66666412353516],[-9.0,-81.0],[149.66665649414063,-84.66666412353516],[82.33333587646485,-87.33332824707031],[-133.0,45.0],[-39.0,108.0],[163.0,5.0],[139.0,95.0],[-236.3333282470703,52.333335876464847],[-187.0,155.0],[-91.0,191.0]],"beziers":[[3,13,14,1],[1,16,9,15],[15,11,12,10],[3,2,0,10],[1,4,5,10],[10,7,8,6],[3,17,18,19,1]],"chains":[[10,12,0],[15,9,11],[10,5,7],[1,19,16],[3,17,2]]}